{"global_step": 3174400, "_timestamp": 1703065442.0894065, "time/fps": 144.0, "_runtime": 22010.852637529373, "_step": 309, "train/approx_kl": 0.02983064018189907, "train/clip_fraction": 0.18994140625, "train/clip_range": 0.20000000298023224, "train/entropy_loss": -0.6260049343109131, "train/explained_variance": 0.1107407808303833, "train/learning_rate": 0.0003000000142492354, "train/loss": -0.01046532578766346, "train/policy_gradient_loss": -0.005117708817124367, "train/value_loss": 0.002400089055299759, "env_stats/badge": 0.0, "env_stats/deaths": 2.75, "env_stats/event": 0.0, "env_stats/frames": 637.0, "env_stats/healr": 0.4468041658401489, "env_stats/hp": 0.8168706297874451, "env_stats/levels_sum": 11.25, "env_stats/map": 6.0, "env_stats/pcount": 1.5, "env_stats/step": 20479.0, "env_stats/x": 10.75, "env_stats/y": 20.75, "trajectory_image": {"_type": "images/separated", "width": 160, "height": 128, "format": "png", "count": 1, "filenames": ["media/images/trajectory_image_304_eae6aa38442878968cb7.png"]}}