{"global_step": 2785280, "_timestamp": 1703062184.8855407, "time/fps": 148.0, "_runtime": 18753.648771762848, "_step": 271, "train/approx_kl": 0.05665309354662895, "train/clip_fraction": 0.2616536319255829, "train/clip_range": 0.20000000298023224, "train/entropy_loss": -0.9276769161224365, "train/explained_variance": 0.6287237405776978, "train/learning_rate": 0.0003000000142492354, "train/loss": -0.009659788571298122, "train/policy_gradient_loss": -0.00543631287291646, "train/value_loss": 0.0032720465678721666, "env_stats/badge": 0.0, "env_stats/deaths": 2.75, "env_stats/event": 1.0, "env_stats/frames": 930.5, "env_stats/healr": 1.2455099821090698, "env_stats/hp": 0.5663086771965027, "env_stats/levels_sum": 25.25, "env_stats/map": 19.0, "env_stats/pcount": 2.5, "env_stats/step": 20479.0, "env_stats/x": 18.5, "env_stats/y": 16.5, "trajectory_image": {"_type": "images/separated", "width": 160, "height": 128, "format": "png", "count": 1, "filenames": ["media/images/trajectory_image_264_8387e1c8c43de98f68a0.png"]}}